assay,round,accuracy,balanced_accuracy,precision,recall,AUC,F1,MCC
TA100,0,0.8680257510729614,0.8009103641456583,0.8208955223880597,0.6547619047619048,0.8880689775910364,0.728476821192053,0.6499278562595435
TA100,1,0.8594420600858369,0.7887838468720821,0.8040201005025126,0.6349206349206349,0.8925595238095239,0.7095343680709534,0.6260068626040043
TA100,2,0.8658798283261803,0.7956932773109244,0.8223350253807107,0.6428571428571429,0.89203139589169,0.7216035634743877,0.6433530890941549
TA100,3,0.8648068669527897,0.7949579831932774,0.8181818181818182,0.6428571428571429,0.8883520074696545,0.7200000000000001,0.640566544202095
TA100,4,0.8615879828326181,0.7940009337068161,0.8029556650246306,0.6468253968253969,0.8871877917833799,0.7164835164835164,0.6327346950113468
TA100,5,0.8637339055793991,0.7942226890756303,0.8140703517587939,0.6428571428571429,0.8925245098039216,0.7184035476718402,0.6377968314021882
TA100,6,0.8615879828326181,0.7915032679738562,0.8090452261306532,0.6388888888888888,0.8909342903828198,0.7139689578713969,0.6319018470030963
TA100,7,0.8540772532188842,0.7776143790849673,0.8020833333333334,0.6111111111111112,0.8907387955182072,0.6936936936936937,0.609761788007895
TA100,8,0.8605150214592274,0.7932656395891691,0.7990196078431373,0.6468253968253969,0.8935836834733895,0.7149122807017544,0.6300356596634744
TA100,9,0.8615879828326181,0.7915032679738562,0.8090452261306532,0.6388888888888888,0.8895950046685341,0.7139689578713969,0.6319018470030963
TA100,10,0.8594420600858369,0.7887838468720821,0.8040201005025126,0.6349206349206349,0.8924894957983194,0.7095343680709534,0.6260068626040043
TA100,11,0.8572961373390557,0.7848155929038282,0.8020304568527918,0.626984126984127,0.8942722922502335,0.7037861915367483,0.6196860245969869
TA100,12,0.8572961373390557,0.7848155929038282,0.8020304568527918,0.626984126984127,0.8893207282913166,0.7037861915367483,0.6196860245969869
TA100,13,0.8572961373390557,0.7810690943043884,0.8115183246073299,0.6150793650793651,0.8914770074696545,0.6997742663656885,0.6185460374163667
TA100,14,0.8626609442060086,0.7909897292250233,0.8163265306122449,0.6349206349206349,0.8952380952380952,0.7142857142857143,0.6343010640838181
TA100,15,0.8615879828326181,0.7890056022408963,0.8153846153846154,0.6309523809523809,0.8911122782446312,0.7114093959731543,0.6311606783066701
TA100,16,0.8637339055793991,0.7954715219421102,0.8109452736318408,0.6468253968253969,0.8912464985994397,0.7196467991169977,0.6381806535205417
TA100,17,0.8626609442060086,0.7959850606909431,0.803921568627451,0.6507936507936508,0.8917950513538748,0.7192982456140351,0.6358779133627457
TA100,18,0.8648068669527897,0.7962068160597573,0.815,0.6468253968253969,0.8876633986928104,0.7212389380530974,0.6409279809494715
TA100,19,0.8615879828326181,0.7940009337068161,0.8029556650246306,0.6468253968253969,0.8936683006535948,0.7164835164835164,0.6327346950113468
TA100_S9,0,0.8174603174603174,0.7720538720538721,0.7833333333333333,0.632996632996633,0.872425105758439,0.7001862197392923,0.5777872178970144
TA100_S9,1,0.8174603174603174,0.7712250712250712,0.7857142857142857,0.6296296296296297,0.8721373276928832,0.6990654205607476,0.5775433306460132
TA100_S9,2,0.8163265306122449,0.7695415695415695,0.7848101265822784,0.6262626262626263,0.8720740165184607,0.6966292134831461,0.57472207146686
TA100_S9,3,0.8140589569160998,0.7678321678321678,0.7782426778242678,0.6262626262626263,0.8708394486172263,0.6940298507462687,0.56956652006898
TA100_S9,4,0.8140589569160998,0.7678321678321678,0.7782426778242678,0.6262626262626263,0.8711732711732711,0.6940298507462687,0.56956652006898
TA100_S9,5,0.8163265306122449,0.7703703703703704,0.7824267782426778,0.6296296296296297,0.8711128377795044,0.6977611940298507,0.574964210714639
TA100_S9,6,0.8151927437641724,0.7695156695156695,0.7791666666666667,0.6296296296296297,0.8731272842383954,0.6964618249534451,0.5723965907688815
TA100_S9,7,0.8174603174603174,0.7703962703962703,0.788135593220339,0.6262626262626263,0.8706408817519926,0.697936210131332,0.5773173240323048
TA100_S9,8,0.8140589569160998,0.7678321678321678,0.7782426778242678,0.6262626262626263,0.8707818930041151,0.6940298507462687,0.56956652006898
TA100_S9,9,0.8163265306122449,0.7687127687127687,0.7872340425531915,0.622895622895623,0.8736078736078736,0.6954887218045114,0.5744978208042052
TA100_S9,10,0.8095238095238095,0.7610981610981611,0.774468085106383,0.6127946127946128,0.8702437480215257,0.6842105263157894,0.5582180753279222
TA100_S9,11,0.8140589569160998,0.7661745661745661,0.7829787234042553,0.6195286195286195,0.8718955941178163,0.6917293233082706,0.5690712389787775
TA100_S9,12,0.8151927437641724,0.7678580678580679,0.7838983050847458,0.622895622895623,0.8702063368730035,0.6941838649155723,0.5718980617952201
TA100_S9,13,0.8117913832199547,0.7636363636363637,0.7787234042553192,0.6161616161616161,0.8713171602060492,0.6879699248120301,0.5636446571533499
TA100_S9,14,0.81859410430839,0.7737373737373737,0.7842323651452282,0.6363636363636364,0.8730064174508618,0.7026022304832714,0.5806075963380574
TA100_S9,15,0.8174603174603174,0.7712250712250712,0.7857142857142857,0.6296296296296297,0.8718869607758496,0.6990654205607476,0.5775433306460132
TA100_S9,16,0.8140589569160998,0.7678321678321678,0.7782426778242678,0.6262626262626263,0.8724941724941725,0.6940298507462687,0.56956652006898
TA100_S9,17,0.8117913832199547,0.7636363636363637,0.7787234042553192,0.6161616161616161,0.8722380500158278,0.6879699248120301,0.5636446571533499
TA100_S9,18,0.8106575963718821,0.7636104636104636,0.773109243697479,0.6195286195286195,0.872491294713517,0.6878504672897197,0.5613288788498015
TA100_S9,19,0.8140589569160998,0.7678321678321678,0.7782426778242678,0.6262626262626263,0.869745891968114,0.6940298507462687,0.56956652006898
TA1535,0,0.9201596806387226,0.6896869983948636,0.7857142857142857,0.39285714285714285,0.8979333868378812,0.5238095238095237,0.5203936552764497
TA1535,1,0.9221556886227545,0.698615569823435,0.7931034482758621,0.4107142857142857,0.907483948635634,0.5411764705882354,0.5359784235369036
TA1535,2,0.9221556886227545,0.698615569823435,0.7931034482758621,0.4107142857142857,0.9010834670947031,0.5411764705882354,0.5359784235369036
TA1535,3,0.9201596806387226,0.697491974317817,0.7666666666666667,0.4107142857142857,0.9042736757624399,0.5348837209302325,0.5245445573729044
TA1535,4,0.9241516966067864,0.699739165329053,0.8214285714285714,0.4107142857142857,0.9020666131621188,0.5476190476190476,0.5479711062277403
TA1535,5,0.9221556886227545,0.698615569823435,0.7931034482758621,0.4107142857142857,0.9046749598715891,0.5411764705882354,0.5359784235369036
TA1535,6,0.9201596806387226,0.697491974317817,0.7666666666666667,0.4107142857142857,0.9018860353130016,0.5348837209302325,0.5245445573729044
TA1535,7,0.9221556886227545,0.698615569823435,0.7931034482758621,0.4107142857142857,0.9093499197431781,0.5411764705882354,0.5359784235369036
TA1535,8,0.9221556886227545,0.698615569823435,0.7931034482758621,0.4107142857142857,0.9021268057784911,0.5411764705882354,0.5359784235369036
TA1535,9,0.9221556886227545,0.698615569823435,0.7931034482758621,0.4107142857142857,0.9050963081861958,0.5411764705882354,0.5359784235369036
TA1535,10,0.9221556886227545,0.698615569823435,0.7931034482758621,0.4107142857142857,0.8989165329052969,0.5411764705882354,0.5359784235369036
TA1535,11,0.9221556886227545,0.698615569823435,0.7931034482758621,0.4107142857142857,0.8998394863563404,0.5411764705882354,0.5359784235369036
TA1535,12,0.9221556886227545,0.698615569823435,0.7931034482758621,0.4107142857142857,0.9032504012841092,0.5411764705882354,0.5359784235369036
TA1535,13,0.9181636726546906,0.6885634028892456,0.7586206896551724,0.39285714285714285,0.9048154093097913,0.5176470588235293,0.5088519269016891
TA1535,14,0.9201596806387226,0.697491974317817,0.7666666666666667,0.4107142857142857,0.8998394863563403,0.5348837209302325,0.5245445573729044
TA1535,15,0.9241516966067864,0.699739165329053,0.8214285714285714,0.4107142857142857,0.9032905296950241,0.5476190476190476,0.5479711062277403
TA1535,16,0.9221556886227545,0.698615569823435,0.7931034482758621,0.4107142857142857,0.9003410914927769,0.5411764705882354,0.5359784235369036
TA1535,17,0.9201596806387226,0.6896869983948636,0.7857142857142857,0.39285714285714285,0.8987760834670946,0.5238095238095237,0.5203936552764497
TA1535,18,0.9221556886227545,0.698615569823435,0.7931034482758621,0.4107142857142857,0.9009630818619582,0.5411764705882354,0.5359784235369036
TA1535,19,0.9221556886227545,0.698615569823435,0.7931034482758621,0.4107142857142857,0.9011837881219904,0.5411764705882354,0.5359784235369036
TA1535_S9,0,0.9331896551724138,0.7815039250791902,0.775,0.5849056603773585,0.8781389156681817,0.6666666666666666,0.6380583142646624
TA1535_S9,1,0.9288793103448276,0.7790708350548593,0.7380952380952381,0.5849056603773585,0.8755910572464766,0.6526315789473685,0.6187602733301576
TA1535_S9,2,0.9288793103448276,0.7708534178028739,0.75,0.5660377358490566,0.8792865996419227,0.6451612903225807,0.613917817051779
TA1535_S9,3,0.9288793103448276,0.7708534178028739,0.75,0.5660377358490566,0.878620942937153,0.6451612903225807,0.613917817051779
TA1535_S9,4,0.9288793103448276,0.7708534178028739,0.75,0.5660377358490566,0.8754533351696276,0.6451612903225807,0.613917817051779
TA1535_S9,5,0.9288793103448276,0.7626360005508883,0.7631578947368421,0.5471698113207547,0.876692833861268,0.6373626373626373,0.6093214961993165
TA1535_S9,6,0.9288793103448276,0.7708534178028739,0.75,0.5660377358490566,0.8775880273607859,0.6451612903225807,0.613917817051779
TA1535_S9,7,0.9331896551724138,0.7815039250791902,0.775,0.5849056603773585,0.8844282238442823,0.6666666666666666,0.6380583142646624
TA1535_S9,8,0.9310344827586207,0.7802873800670247,0.7560975609756098,0.5849056603773585,0.8708855529541386,0.6595744680851064,0.6282467830490767
TA1535_S9,9,0.9288793103448276,0.7708534178028739,0.75,0.5660377358490566,0.8744663269522105,0.6451612903225807,0.613917817051779
TA1535_S9,10,0.9288793103448276,0.7708534178028739,0.75,0.5660377358490566,0.8810769866409585,0.6451612903225807,0.613917817051779
TA1535_S9,11,0.9310344827586207,0.7720699628150393,0.7692307692307693,0.5660377358490566,0.8826378368452463,0.6521739130434783,0.6237961214337067
TA1535_S9,12,0.9288793103448276,0.7708534178028739,0.75,0.5660377358490566,0.876945324335491,0.6451612903225807,0.613917817051779
TA1535_S9,13,0.9310344827586207,0.7802873800670247,0.7560975609756098,0.5849056603773585,0.8799063489877428,0.6595744680851064,0.6282467830490767
TA1535_S9,14,0.9288793103448276,0.7708534178028739,0.75,0.5660377358490566,0.877312583207088,0.6451612903225807,0.613917817051779
TA1535_S9,15,0.9267241379310345,0.7614194555387228,0.7435897435897436,0.5471698113207547,0.8805260983335629,0.6304347826086957,0.5993768688946668
TA1535_S9,16,0.9288793103448276,0.7708534178028739,0.75,0.5660377358490566,0.875545149887527,0.6451612903225807,0.613917817051779
TA1535_S9,17,0.9310344827586207,0.7802873800670247,0.7560975609756098,0.5849056603773585,0.880112932103016,0.6595744680851064,0.6282467830490767
TA1535_S9,18,0.9288793103448276,0.7708534178028739,0.75,0.5660377358490566,0.8785291282192536,0.6451612903225807,0.613917817051779
TA1535_S9,19,0.9310344827586207,0.7720699628150393,0.7692307692307693,0.5660377358490566,0.88279851260157,0.6521739130434783,0.6237961214337067
TA97,0,0.8018867924528302,0.6263888888888889,0.35294117647058826,0.375,0.7329861111111112,0.3636363636363636,0.24660431620591863
TA97,1,0.8113207547169812,0.6190972222222222,0.36666666666666664,0.34375,0.7344618055555556,0.3548387096774193,0.24465074821873856
TA97,2,0.7971698113207547,0.6236111111111111,0.34285714285714286,0.375,0.7373263888888888,0.3582089552238806,0.23838454309479132
TA97,3,0.8113207547169812,0.6447916666666667,0.38235294117647056,0.40625,0.7324652777777778,0.393939393939394,0.2825109886205167
TA97,4,0.7971698113207547,0.6107638888888889,0.3333333333333333,0.34375,0.7378472222222223,0.3384615384615385,0.2187539719127447
TA97,5,0.8113207547169812,0.6447916666666667,0.38235294117647056,0.40625,0.7502604166666667,0.393939393939394,0.2825109886205167
TA97,6,0.8066037735849056,0.6163194444444444,0.3548387096774194,0.34375,0.7323784722222222,0.3492063492063492,0.23570751123393605
TA97,7,0.8018867924528302,0.6263888888888889,0.35294117647058826,0.375,0.7365451388888888,0.3636363636363636,0.24660431620591863
TA97,8,0.8113207547169812,0.6447916666666667,0.38235294117647056,0.40625,0.73515625,0.393939393939394,0.2825109886205167
TA97,9,0.8018867924528302,0.6135416666666667,0.34375,0.34375,0.7327256944444445,0.34375,0.22708333333333333
TA97,10,0.8066037735849056,0.6291666666666667,0.36363636363636365,0.375,0.7466145833333333,0.3692307692307692,0.25509867571016
TA97,11,0.8018867924528302,0.6135416666666667,0.34375,0.34375,0.7329861111111111,0.34375,0.22708333333333333
TA97,12,0.8018867924528302,0.6263888888888889,0.35294117647058826,0.375,0.7430555555555556,0.3636363636363636,0.24660431620591863
TA97,13,0.8160377358490566,0.621875,0.3793103448275862,0.34375,0.738107638888889,0.36065573770491804,0.2539401210449312
TA97,14,0.8113207547169812,0.6447916666666667,0.38235294117647056,0.40625,0.7355034722222222,0.393939393939394,0.2825109886205167
TA97,15,0.7971698113207547,0.6236111111111111,0.34285714285714286,0.375,0.7394097222222221,0.3582089552238806,0.23838454309479132
TA97,16,0.8113207547169812,0.6447916666666667,0.38235294117647056,0.40625,0.7369791666666667,0.393939393939394,0.2825109886205167
TA97,17,0.8018867924528302,0.6263888888888889,0.35294117647058826,0.375,0.7345486111111112,0.3636363636363636,0.24660431620591863
TA97,18,0.8018867924528302,0.6392361111111111,0.3611111111111111,0.40625,0.7329861111111111,0.38235294117647056,0.265512846032974
TA97,19,0.7971698113207547,0.6236111111111111,0.34285714285714286,0.375,0.7411458333333334,0.3582089552238806,0.23838454309479132
TA97_S9,0,0.8480392156862745,0.6692073170731707,0.7142857142857143,0.375,0.8440548780487803,0.4918032786885245,0.44214616506186843
TA97_S9,1,0.8431372549019608,0.6661585365853658,0.6818181818181818,0.375,0.8509908536585366,0.48387096774193555,0.4253608738530658
TA97_S9,2,0.8431372549019608,0.6472560975609756,0.7222222222222222,0.325,0.8538871951219512,0.44827586206896547,0.41225172137042954
TA97_S9,3,0.8480392156862745,0.6692073170731707,0.7142857142857143,0.375,0.8492378048780488,0.4918032786885245,0.44214616506186843
TA97_S9,4,0.8431372549019608,0.6567073170731708,0.7,0.35,0.8476371951219512,0.4666666666666667,0.4184535737990997
TA97_S9,5,0.8431372549019608,0.6661585365853658,0.6818181818181818,0.375,0.846341463414634,0.48387096774193555,0.4253608738530658
TA97_S9,6,0.8480392156862745,0.6692073170731707,0.7142857142857143,0.375,0.8360518292682928,0.4918032786885245,0.44214616506186843
TA97_S9,7,0.8431372549019608,0.6567073170731708,0.7,0.35,0.8653963414634147,0.4666666666666667,0.4184535737990997
TA97_S9,8,0.8431372549019608,0.6661585365853658,0.6818181818181818,0.375,0.8469512195121951,0.48387096774193555,0.4253608738530658
TA97_S9,9,0.8431372549019608,0.6661585365853658,0.6818181818181818,0.375,0.8519817073170731,0.48387096774193555,0.4253608738530658
TA97_S9,10,0.8480392156862745,0.6692073170731707,0.7142857142857143,0.375,0.8441310975609756,0.4918032786885245,0.44214616506186843
TA97_S9,11,0.8431372549019608,0.6661585365853658,0.6818181818181818,0.375,0.8510670731707317,0.48387096774193555,0.4253608738530658
TA97_S9,12,0.8431372549019608,0.6661585365853658,0.6818181818181818,0.375,0.8548018292682927,0.48387096774193555,0.4253608738530658
TA97_S9,13,0.8480392156862745,0.6692073170731707,0.7142857142857143,0.375,0.8534298780487806,0.4918032786885245,0.44214616506186843
TA97_S9,14,0.8480392156862745,0.6692073170731707,0.7142857142857143,0.375,0.8491615853658536,0.4918032786885245,0.44214616506186843
TA97_S9,15,0.8480392156862745,0.6692073170731707,0.7142857142857143,0.375,0.8519054878048781,0.4918032786885245,0.44214616506186843
TA97_S9,16,0.8480392156862745,0.6692073170731707,0.7142857142857143,0.375,0.8413871951219513,0.4918032786885245,0.44214616506186843
TA97_S9,17,0.8480392156862745,0.6692073170731707,0.7142857142857143,0.375,0.8448170731707317,0.4918032786885245,0.44214616506186843
TA97_S9,18,0.8480392156862745,0.6692073170731707,0.7142857142857143,0.375,0.8550304878048781,0.4918032786885245,0.44214616506186843
TA97_S9,19,0.8480392156862745,0.6692073170731707,0.7142857142857143,0.375,0.8451219512195122,0.4918032786885245,0.44214616506186843
TA98,0,0.8758465011286681,0.7908582089552239,0.823170731707317,0.625,0.8933250414593698,0.7105263157894736,0.6431097225044831
TA98,1,0.873589164785553,0.7925027639579878,0.8058823529411765,0.6342592592592593,0.893287037037037,0.7098445595854922,0.6378863002223489
TA98,2,0.8781038374717833,0.7923507462686568,0.8333333333333334,0.625,0.895083609729132,0.7142857142857143,0.6494888338583013
TA98,3,0.8781038374717833,0.7939192924267551,0.8292682926829268,0.6296296296296297,0.895360005527916,0.7157894736842105,0.6498780119366805
TA98,4,0.8792325056433409,0.79623410724157,0.8303030303030303,0.6342592592592593,0.8943546158098398,0.7191601049868768,0.6534610829504098
TA98,5,0.8758465011286681,0.7924267551133223,0.8192771084337349,0.6296296296296297,0.8907407407407408,0.7120418848167539,0.6435630267171112
TA98,6,0.8792325056433409,0.7946655610834715,0.8343558282208589,0.6296296296296297,0.8924233001658375,0.7176781002638521,0.6530714563569593
TA98,7,0.8769751693002258,0.7916044776119403,0.8282208588957055,0.625,0.8905783582089554,0.7124010554089708,0.6462871337050943
TA98,8,0.871331828442438,0.7878731343283583,0.8035714285714286,0.625,0.8957365948037591,0.703125,0.6306356907870186
TA98,9,0.8769751693002258,0.7931730237700387,0.8242424242424242,0.6296296296296297,0.8919326976229961,0.7139107611548556,0.6467086568407545
TA98,10,0.8758465011286681,0.795563847429519,0.8117647058823529,0.6388888888888888,0.8940298507462686,0.7150259067357513,0.6445618720491071
TA98,11,0.873589164785553,0.7893656716417911,0.8132530120481928,0.625,0.8896697070204531,0.7068062827225131,0.6368262965461358
TA98,12,0.8781038374717833,0.7954878385848536,0.8253012048192772,0.6342592592592593,0.8933215865118851,0.7172774869109948,0.6502997568880866
TA98,13,0.8792325056433409,0.7946655610834715,0.8343558282208589,0.6296296296296297,0.8929899115533444,0.7176781002638521,0.6530714563569593
TA98,14,0.8781038374717833,0.7939192924267551,0.8292682926829268,0.6296296296296297,0.8945239082365948,0.7157894736842105,0.6498780119366805
TA98,15,0.8769751693002258,0.7931730237700387,0.8242424242424242,0.6296296296296297,0.8921918186843559,0.7139107611548556,0.6467086568407545
TA98,16,0.8781038374717833,0.7939192924267551,0.8292682926829268,0.6296296296296297,0.8928344389165283,0.7157894736842105,0.6498780119366805
TA98,17,0.8758465011286681,0.7908582089552239,0.823170731707317,0.625,0.8929484521835267,0.7105263157894736,0.6431097225044831
TA98,18,0.8758465011286681,0.7924267551133223,0.8192771084337349,0.6296296296296297,0.8923542012161415,0.7120418848167539,0.6435630267171112
TA98,19,0.8781038374717833,0.7970563847429519,0.8214285714285714,0.6388888888888888,0.8918601437258152,0.7187499999999999,0.6507531827592696
TA98_S9,0,0.8637469586374696,0.8167258100949453,0.7894736842105263,0.7081545064377682,0.8956403885249605,0.7466063348416289,0.6556101655217529
TA98_S9,1,0.8588807785888077,0.8068450927956746,0.7881773399014779,0.6866952789699571,0.8914942763248977,0.7339449541284403,0.6413445999032469
TA98_S9,2,0.8600973236009732,0.811585068166748,0.7836538461538461,0.6995708154506438,0.8912064530702362,0.7392290249433107,0.6459908814090493
TA98_S9,3,0.8576642335766423,0.8098872752974782,0.7761904761904762,0.6995708154506438,0.8943579355421641,0.7358916478555305,0.6404481693111115
TA98_S9,4,0.8552311435523114,0.8030013771796236,0.7794117647058824,0.6824034334763949,0.8915671429716476,0.7276887871853547,0.63226753798186
TA98_S9,5,0.8552311435523114,0.8055954298039159,0.7740384615384616,0.6909871244635193,0.8909113431508996,0.7301587301587301,0.6335729186738879
TA98_S9,6,0.8576642335766423,0.8072932226731857,0.7815533980582524,0.6909871244635193,0.8913121097080234,0.7334851936218679,0.6391379705781842
TA98_S9,7,0.8540145985401459,0.806043559681427,0.7677725118483413,0.6952789699570815,0.8941502655989273,0.7297297297297296,0.6315198640032056
TA98_S9,8,0.8527980535279805,0.8026006106224998,0.7692307692307693,0.6866952789699571,0.8921610061426583,0.72562358276644,0.6273639373063071
TA98_S9,9,0.8576642335766423,0.8111843016096243,0.7735849056603774,0.703862660944206,0.8948424987430503,0.7370786516853933,0.6411364017864355
TA98_S9,10,0.8576642335766423,0.8085902489853319,0.7788461538461539,0.6952789699570815,0.8916145062920349,0.7346938775510203,0.6397819000414686
TA98_S9,11,0.8576642335766423,0.8085902489853319,0.7788461538461539,0.6952789699570815,0.8922338727894082,0.7346938775510203,0.6397819000414686
TA98_S9,12,0.8637469586374696,0.814131757470653,0.7951219512195122,0.6995708154506438,0.8939353089910156,0.7442922374429225,0.6544220667622886
TA98_S9,13,0.8576642335766423,0.8124813279217704,0.7710280373831776,0.7081545064377682,0.8934871791135045,0.7382550335570469,0.641846236128582
TA98_S9,14,0.8576642335766423,0.8098872752974782,0.7761904761904762,0.6995708154506438,0.8909514198066119,0.7358916478555305,0.6404481693111115
TA98_S9,15,0.8564476885644768,0.8077413525506969,0.7751196172248804,0.6952789699570815,0.8929443225952183,0.7330316742081447,0.6370126862195702
TA98_S9,16,0.8527980535279805,0.805194663246792,0.7641509433962265,0.6952789699570815,0.8928277359604186,0.7280898876404494,0.6287958847099486
TA98_S9,17,0.8576642335766423,0.8098872752974782,0.7761904761904762,0.6995708154506438,0.8933997391374046,0.7358916478555305,0.6404481693111115
TA98_S9,18,0.8588807785888077,0.8133302243564053,0.7746478873239436,0.7081545064377682,0.893082769224043,0.7399103139013452,0.6445690453479208
TA98_S9,19,0.8491484184914841,0.7987568950064488,0.7607655502392344,0.6824034334763949,0.8925654160321197,0.7194570135746605,0.6184152069173876
TA1537,0,0.926829268292683,0.7090784898161947,0.7916666666666666,0.4318181818181818,0.9416604570293095,0.5588235294117647,0.5513240755438082
TA1537,1,0.9292682926829269,0.720442126179831,0.8,0.45454545454545453,0.9382141082960755,0.5797101449275363,0.5702838838983094
TA1537,2,0.9317073170731708,0.7318057625434675,0.8076923076923077,0.4772727272727273,0.9425608544461004,0.6000000000000001,0.5888013790168949
TA1537,3,0.926829268292683,0.7090784898161947,0.7916666666666666,0.4318181818181818,0.9438959264778937,0.5588235294117647,0.5513240755438082
TA1537,4,0.9292682926829269,0.720442126179831,0.8,0.45454545454545453,0.9479011425732737,0.5797101449275363,0.5702838838983094
TA1537,5,0.9292682926829269,0.720442126179831,0.8,0.45454545454545453,0.9416915052160953,0.5797101449275363,0.5702838838983094
TA1537,6,0.926829268292683,0.7090784898161947,0.7916666666666666,0.4318181818181818,0.9407911077993045,0.5588235294117647,0.5513240755438082
TA1537,7,0.9292682926829269,0.720442126179831,0.8,0.45454545454545453,0.9439269746646797,0.5797101449275363,0.5702838838983094
TA1537,8,0.9292682926829269,0.720442126179831,0.8,0.45454545454545453,0.9393007948335818,0.5797101449275363,0.5702838838983094
TA1537,9,0.9292682926829269,0.720442126179831,0.8,0.45454545454545453,0.9399838549428714,0.5797101449275363,0.5702838838983094
TA1537,10,0.9292682926829269,0.720442126179831,0.8,0.45454545454545453,0.9388661202185793,0.5797101449275363,0.5702838838983094
TA1537,11,0.926829268292683,0.7090784898161947,0.7916666666666666,0.4318181818181818,0.940108047690015,0.5588235294117647,0.5513240755438082
TA1537,12,0.9292682926829269,0.720442126179831,0.8,0.45454545454545453,0.9433370591157476,0.5797101449275363,0.5702838838983094
TA1537,13,0.9292682926829269,0.720442126179831,0.8,0.45454545454545453,0.9435543964232489,0.5797101449275363,0.5702838838983094
TA1537,14,0.9317073170731708,0.7318057625434675,0.8076923076923077,0.4772727272727273,0.9463487332339791,0.6000000000000001,0.5888013790168949
TA1537,15,0.9292682926829269,0.720442126179831,0.8,0.45454545454545453,0.9379346746150025,0.5797101449275363,0.5702838838983094
TA1537,16,0.9292682926829269,0.720442126179831,0.8,0.45454545454545453,0.943212866368604,0.5797101449275363,0.5702838838983094
TA1537,17,0.9292682926829269,0.720442126179831,0.8,0.45454545454545453,0.9460382513661203,0.5797101449275363,0.5702838838983094
TA1537,18,0.9317073170731708,0.7318057625434675,0.8076923076923077,0.4772727272727273,0.9419709388971684,0.6000000000000001,0.5888013790168949
TA1537,19,0.9317073170731708,0.7318057625434675,0.8076923076923077,0.4772727272727273,0.9396112767014406,0.6000000000000001,0.5888013790168949
TA1537_S9,0,0.9097744360902256,0.7720137420718816,0.7111111111111111,0.5818181818181818,0.9099101479915433,0.64,0.5928891719901249
TA1537_S9,1,0.9047619047619048,0.7691067653276955,0.6808510638297872,0.5818181818181818,0.9119186046511627,0.627450980392157,0.5755657160883175
TA1537_S9,2,0.9122807017543859,0.7887420718816067,0.7083333333333334,0.6181818181818182,0.905100422832981,0.6601941747572815,0.6119648152560735
TA1537_S9,3,0.9022556390977443,0.7600158562367865,0.6739130434782609,0.5636363636363636,0.9131871035940803,0.6138613861386139,0.5613375903328561
TA1537_S9,4,0.9122807017543859,0.7887420718816067,0.7083333333333334,0.6181818181818182,0.9137684989429175,0.6601941747572815,0.6119648152560735
TA1537_S9,5,0.9122807017543859,0.7887420718816067,0.7083333333333334,0.6181818181818182,0.906923890063425,0.6601941747572815,0.6119648152560735
TA1537_S9,6,0.9097744360902256,0.7720137420718816,0.7111111111111111,0.5818181818181818,0.912130021141649,0.64,0.5928891719901249
TA1537_S9,7,0.9072681704260651,0.7705602536997886,0.6956521739130435,0.5818181818181818,0.9087473572938689,0.6336633663366337,0.5841014584640493
TA1537_S9,8,0.9047619047619048,0.7843816067653278,0.6666666666666666,0.6181818181818182,0.914085623678647,0.6415094339622642,0.5872423329675912
TA1537_S9,9,0.9022556390977443,0.7600158562367865,0.6739130434782609,0.5636363636363636,0.9147727272727273,0.6138613861386139,0.5613375903328561
TA1537_S9,10,0.9097744360902256,0.7796511627906977,0.7021276595744681,0.6,0.9101479915433404,0.6470588235294118,0.5981180799024429
TA1537_S9,11,0.9022556390977443,0.7676532769556026,0.6666666666666666,0.5818181818181818,0.9105179704016914,0.6213592233009707,0.5672688677387436
TA1537_S9,12,0.9072681704260651,0.7629228329809725,0.7045454545454546,0.5636363636363636,0.9110993657505285,0.6262626262626263,0.5787331373060421
TA1537_S9,13,0.9047619047619048,0.7767441860465116,0.673469387755102,0.6,0.9109408033826638,0.6346153846153846,0.5813491011506234
TA1537_S9,14,0.9072681704260651,0.7629228329809725,0.7045454545454546,0.5636363636363636,0.9077431289640592,0.6262626262626263,0.5787331373060421
TA1537_S9,15,0.9097744360902256,0.7720137420718816,0.7111111111111111,0.5818181818181818,0.9076109936575053,0.64,0.5928891719901249
TA1537_S9,16,0.9047619047619048,0.7614693446088795,0.6888888888888889,0.5636363636363636,0.9167547568710359,0.6199999999999999,0.5699062923997178
TA1537_S9,17,0.9122807017543859,0.7734672304439747,0.7272727272727273,0.5818181818181818,0.9134249471458774,0.6464646464646464,0.6019429595781409
TA1537_S9,18,0.9147869674185464,0.7749207188160676,0.7441860465116279,0.5818181818181818,0.9137949260042284,0.6530612244897959,0.611278056217041
TA1537_S9,19,0.9197994987468672,0.7931025369978859,0.7555555555555555,0.6181818181818182,0.9183932346723045,0.6799999999999999,0.638854931170939
TA102,0,0.8524590163934426,0.6604343931930139,0.55,0.3793103448275862,0.7733990147783251,0.4489795918367347,0.3755588763410084
TA102,1,0.8469945355191257,0.6431930138826691,0.5263157894736842,0.3448275862068966,0.7726153157187641,0.4166666666666667,0.3428565578010312
TA102,2,0.8469945355191257,0.6431930138826691,0.5263157894736842,0.3448275862068966,0.775974025974026,0.4166666666666667,0.3428565578010312
TA102,3,0.8579234972677595,0.6636811464397672,0.5789473684210527,0.3793103448275862,0.7672413793103448,0.45833333333333337,0.3919126563761592
TA102,4,0.8524590163934426,0.6464397671294223,0.5555555555555556,0.3448275862068966,0.7748544558889386,0.4255319148936171,0.3591452773450442
TA102,5,0.8524590163934426,0.6604343931930139,0.55,0.3793103448275862,0.7781012091356918,0.4489795918367347,0.3755588763410084
TA102,6,0.8579234972677595,0.6636811464397672,0.5789473684210527,0.3793103448275862,0.772167487684729,0.45833333333333337,0.3919126563761592
TA102,7,0.8579234972677595,0.6636811464397672,0.5789473684210527,0.3793103448275862,0.7758620689655172,0.45833333333333337,0.3919126563761592
TA102,8,0.8524590163934426,0.6464397671294223,0.5555555555555556,0.3448275862068966,0.7733990147783252,0.4255319148936171,0.3591452773450442
TA102,9,0.8469945355191257,0.6291983878190774,0.5294117647058824,0.3103448275862069,0.769256605463502,0.391304347826087,0.3250633035913995
TA102,10,0.8469945355191257,0.6431930138826691,0.5263157894736842,0.3448275862068966,0.7785490371697269,0.4166666666666667,0.3428565578010312
TA102,11,0.8469945355191257,0.6431930138826691,0.5263157894736842,0.3448275862068966,0.7691446484549932,0.4166666666666667,0.3428565578010312
TA102,12,0.8579234972677595,0.6636811464397672,0.5789473684210527,0.3793103448275862,0.7763098969995522,0.45833333333333337,0.3919126563761592
TA102,13,0.8579234972677595,0.6636811464397672,0.5789473684210527,0.3793103448275862,0.7776533811016569,0.45833333333333337,0.3919126563761592
TA102,14,0.8469945355191257,0.6431930138826691,0.5263157894736842,0.3448275862068966,0.7711598746081504,0.4166666666666667,0.3428565578010312
TA102,15,0.8524590163934426,0.6604343931930139,0.55,0.3793103448275862,0.7785490371697268,0.4489795918367347,0.3755588763410084
TA102,16,0.8579234972677595,0.6636811464397672,0.5789473684210527,0.3793103448275862,0.7636587550380652,0.45833333333333337,0.3919126563761592
TA102,17,0.8579234972677595,0.6636811464397672,0.5789473684210527,0.3793103448275862,0.7662337662337663,0.45833333333333337,0.3919126563761592
TA102,18,0.8579234972677595,0.6636811464397672,0.5789473684210527,0.3793103448275862,0.7737348858038513,0.45833333333333337,0.3919126563761592
TA102,19,0.8579234972677595,0.6636811464397672,0.5789473684210527,0.3793103448275862,0.7682489923869235,0.45833333333333337,0.3919126563761592
TA102_S9,0,0.8588957055214724,0.710431654676259,0.5217391304347826,0.5,0.8448741007194245,0.5106382978723404,0.4283770058126207
TA102_S9,1,0.8650306748466258,0.7140287769784173,0.5454545454545454,0.5,0.8553657074340527,0.5217391304347826,0.4439093470495117
TA102_S9,2,0.8711656441717791,0.7176258992805755,0.5714285714285714,0.5,0.8315347721822541,0.5333333333333333,0.4603623261427749
TA102_S9,3,0.8650306748466258,0.7140287769784173,0.5454545454545454,0.5,0.8609112709832135,0.5217391304347826,0.4439093470495117
TA102_S9,4,0.8773006134969326,0.755695443645084,0.5833333333333334,0.5833333333333334,0.8489208633093526,0.5833333333333334,0.5113908872901679
TA102_S9,5,0.8588957055214724,0.710431654676259,0.5217391304347826,0.5,0.8457733812949642,0.5106382978723404,0.4283770058126207
TA102_S9,6,0.8588957055214724,0.710431654676259,0.5217391304347826,0.5,0.8537170263788969,0.5106382978723404,0.4283770058126207
TA102_S9,7,0.8650306748466258,0.7140287769784173,0.5454545454545454,0.5,0.8484712230215827,0.5217391304347826,0.4439093470495117
TA102_S9,8,0.8588957055214724,0.710431654676259,0.5217391304347826,0.5,0.8573141486810552,0.5106382978723404,0.4283770058126207
TA102_S9,9,0.8588957055214724,0.710431654676259,0.5217391304347826,0.5,0.8481714628297363,0.5106382978723404,0.4283770058126207
TA102_S9,10,0.8650306748466258,0.7140287769784173,0.5454545454545454,0.5,0.8504196642685852,0.5217391304347826,0.4439093470495117
TA102_S9,11,0.8588957055214724,0.710431654676259,0.5217391304347826,0.5,0.855965227817746,0.5106382978723404,0.4283770058126207
TA102_S9,12,0.8650306748466258,0.7140287769784173,0.5454545454545454,0.5,0.8609112709832135,0.5217391304347826,0.4439093470495117
TA102_S9,13,0.8650306748466258,0.7312649880095923,0.5416666666666666,0.5416666666666666,0.8475719424460433,0.5416666666666666,0.46252997601918466
TA102_S9,14,0.852760736196319,0.6895983213429256,0.5,0.4583333333333333,0.8411270983213429,0.4782608695652174,0.39323902242131115
TA102_S9,15,0.8588957055214724,0.710431654676259,0.5217391304347826,0.5,0.8430755395683454,0.5106382978723404,0.4283770058126207
TA102_S9,16,0.8650306748466258,0.7140287769784173,0.5454545454545454,0.5,0.8588129496402879,0.5217391304347826,0.4439093470495117
TA102_S9,17,0.8588957055214724,0.710431654676259,0.5217391304347826,0.5,0.838279376498801,0.5106382978723404,0.4283770058126207
TA102_S9,18,0.8588957055214724,0.710431654676259,0.5217391304347826,0.5,0.8547661870503598,0.5106382978723404,0.4283770058126207
TA102_S9,19,0.8650306748466258,0.7140287769784173,0.5454545454545454,0.5,0.8636091127098322,0.5217391304347826,0.4439093470495117
