round,assay,accuracy,balanced_accuracy,precision,recall,AUC,F1,MCC
0,TA100,0.8810810810810811,0.8303419978911659,0.8468468468468469,0.7121212121212122,0.932167744005868,0.7736625514403294,0.6986221165616716
0,TA100_S9,0.8632183908045977,0.8274999999999999,0.8081632653061225,0.7333333333333333,0.9174197530864198,0.7689320388349514,0.6737142857142857
0,TA1535,0.9477911646586346,0.8295102819588722,0.8,0.6792452830188679,0.9723553105787576,0.7346938775510203,0.7088617602136063
0,TA1535_S9,0.953091684434968,0.815146750524109,0.8285714285714286,0.6444444444444445,0.9422955974842768,0.7250000000000001,0.7064039636185904
0,TA97,0.9,0.7836073500967118,0.5185185185185185,0.6363636363636364,0.8798355899419731,0.5714285714285714,0.5189557350868305
0,TA97_S9,0.9306930693069309,0.8564585115483319,0.8387096774193549,0.7428571428571429,0.9738237810094096,0.787878787878788,0.7486043400115543
0,TA98,0.8964326812428078,0.8668782673637043,0.7660550458715596,0.8106796116504854,0.9449325660062382,0.7877358490566038,0.7198195128752114
0,TA98_S9,0.903822441430333,0.8723370327847939,0.8155339805825242,0.8076923076923077,0.9488295700982268,0.8115942028985508,0.7470424057356176
0,TA1537,0.9495192307692308,0.8502261032278184,0.8636363636363636,0.7169811320754716,0.9749467228026404,0.7835051546391751,0.7594023675901499
0,TA1537_S9,0.965,0.9318688488934804,0.8545454545454545,0.8867924528301887,0.98395954542983,0.8703703703703703,0.8503420478751473
0,TA102,0.8352272727272727,0.7199139060452928,0.6666666666666666,0.5128205128205128,0.8759124087591241,0.5797101449275363,0.4857784221604845
0,TA102_S9,0.9281045751633988,0.7666514598540146,0.6923076923076923,0.5625,0.8718065693430658,0.6206896551724138,0.5852730710178102
1,TA100,0.8821621621621621,0.8595361710906341,0.7859778597785978,0.8068181818181818,0.9247581717324532,0.7962616822429905,0.7135127832291497
1,TA100_S9,0.8643678160919541,0.8150925925925926,0.8486238532110092,0.6851851851851852,0.9196728395061728,0.7581967213114754,0.6727808974751398
1,TA1535,0.9578313253012049,0.8849904600381598,0.8076923076923077,0.7924528301886793,0.980877676489294,0.7999999999999999,0.7764773695391463
1,TA1535_S9,0.953091684434968,0.815146750524109,0.8285714285714286,0.6444444444444445,0.9272536687631028,0.7250000000000001,0.7064039636185904
1,TA97,0.919047619047619,0.7942456479690523,0.6086956521739131,0.6363636363636364,0.8936170212765957,0.6222222222222223,0.5770927091531868
1,TA97_S9,0.9108910891089108,0.7993156544054747,0.8148148148148148,0.6285714285714286,0.9620188195038496,0.7096774193548386,0.6658107123367202
1,TA98,0.9056386651323358,0.8796035964796673,0.7844036697247706,0.8300970873786407,0.9453059790010104,0.8066037735849056,0.7447867595623764
1,TA98_S9,0.9050554870530211,0.8731662201811455,0.8195121951219512,0.8076923076923077,0.9433282306416636,0.8135593220338982,0.7499104407470121
1,TA1537,0.9471153846153846,0.8810748999428245,0.7924528301886793,0.7924528301886793,0.9784292322885806,0.7924528301886793,0.7621497998856489
1,TA1537_S9,0.9525,0.8846990375727258,0.84,0.7924528301886793,0.9771627426458592,0.8155339805825242,0.788741593147252
1,TA102,0.8693181818181818,0.7876661051843534,0.7352941176470589,0.6410256410256411,0.891259591989519,0.6849315068493151,0.6052400317204546
1,TA102_S9,0.915032679738562,0.8145529197080292,0.5789473684210527,0.6875,0.8832116788321167,0.6285714285714286,0.5837337335657161
2,TA100,0.8875675675675676,0.8496682024480814,0.8305785123966942,0.7613636363636364,0.9288898821803512,0.7944664031620553,0.7185728348207974
2,TA100_S9,0.8655172413793103,0.8342592592592593,0.8023715415019763,0.7518518518518519,0.9144691358024692,0.7762906309751435,0.6810329219687896
2,TA1535,0.9457831325301204,0.8200763196947212,0.7954545454545454,0.660377358490566,0.9656561373754504,0.7216494845360825,0.6955802079313996
2,TA1535_S9,0.9594882729211088,0.8186844863731657,0.90625,0.6444444444444445,0.9496331236897276,0.7532467532467533,0.7444994746737457
2,TA97,0.9095238095238096,0.7487911025145068,0.5714285714285714,0.5454545454545454,0.8810444874274662,0.5581395348837208,0.5079425044164171
2,TA97_S9,0.9207920792079208,0.8278870829769034,0.8275862068965517,0.6857142857142857,0.957399486740804,0.75,0.7078227400371658
2,TA98,0.9067894131185269,0.8485700478847252,0.8491620111731844,0.7378640776699029,0.9467703436863916,0.7896103896103895,0.7330935108765844
2,TA98_S9,0.903822441430333,0.8550157864523535,0.8532608695652174,0.7548076923076923,0.942833907386146,0.8010204081632654,0.7403299217323152
2,TA1537,0.9423076923076924,0.7896980092520401,0.9393939393939394,0.5849056603773585,0.9801444981547898,0.7209302325581395,0.7148425524916904
2,TA1537_S9,0.9525,0.8687129574248273,0.8695652173913043,0.7547169811320755,0.9800445870262628,0.8080808080808081,0.7836831714819469
2,TA102,0.8522727272727273,0.7583754445068314,0.696969696969697,0.5897435897435898,0.8925697173872356,0.6388888888888891,0.5498558258638641
2,TA102_S9,0.9281045751633988,0.7390510948905109,0.7272727272727273,0.5,0.8864051094890509,0.5925925925925926,0.5663703283555348
3,TA100,0.88,0.8546107825608582,0.7865168539325843,0.7954545454545454,0.92756039976161,0.7909604519774012,0.7068317484737395
3,TA100_S9,0.8643678160919541,0.8446296296296296,0.7753623188405797,0.7925925925925926,0.9224012345679012,0.7838827838827839,0.6851605553700554
3,TA1535,0.9497991967871486,0.8306338774644901,0.8181818181818182,0.6792452830188679,0.9817256730973076,0.7422680412371134,0.7185235741752622
3,TA1535_S9,0.953091684434968,0.8747379454926625,0.7446808510638298,0.7777777777777778,0.9274633123689728,0.7608695652173912,0.7350920025053531
3,TA97,0.9142857142857144,0.8317214700193424,0.5714285714285714,0.7272727272727273,0.9040135396518376,0.64,0.5976943250313461
3,TA97_S9,0.9257425742574258,0.8421727972626176,0.8333333333333334,0.7142857142857143,0.9724550898203592,0.7692307692307692,0.728354625764315
3,TA98,0.907940161104718,0.8777658187995139,0.7971698113207547,0.8203883495145631,0.9476416406741934,0.8086124401913874,0.7481564322382687
3,TA98_S9,0.8976572133168927,0.8886616596504656,0.7637130801687764,0.8701923076923077,0.9480083556576092,0.8134831460674157,0.7463832779365799
3,TA1537,0.9495192307692308,0.8502261032278184,0.8636363636363636,0.7169811320754716,0.9798326316336609,0.7835051546391751,0.7594023675901499
3,TA1537_S9,0.9625,0.9224348866293296,0.8518518518518519,0.8679245283018868,0.9830895546734816,0.8598130841121496,0.8382190285638687
3,TA102,0.8465909090909091,0.7363840539023021,0.7,0.5384615384615384,0.8953771289537712,0.608695652173913,0.5221601252669718
3,TA102_S9,0.9281045751633988,0.7390510948905109,0.7272727272727273,0.5,0.8873175182481752,0.5925925925925926,0.5663703283555348
4,TA100,0.8908108108108108,0.8701376472745609,0.8007380073800738,0.821969696969697,0.9218012194562876,0.8112149532710281,0.7345518034628732
4,TA100_S9,0.8758620689655172,0.8397222222222223,0.8375,0.7444444444444445,0.919925925925926,0.7882352941176469,0.703291815896416
4,TA1535,0.9477911646586346,0.8211999152003392,0.813953488372093,0.660377358490566,0.98062327750689,0.7291666666666667,0.7053155061531473
4,TA1535_S9,0.9488272921108742,0.7929245283018868,0.8181818181818182,0.6,0.9266771488469602,0.6923076923076923,0.6746440671715871
4,TA97,0.9047619047619048,0.8063346228239845,0.5357142857142857,0.6818181818181818,0.8970019342359767,0.6,0.5519524124013961
4,TA97_S9,0.9306930693069309,0.8338751069289991,0.8888888888888888,0.6857142857142857,0.9763900769888794,0.7741935483870968,0.7426862561446753
4,TA98,0.9056386651323358,0.8662193032552827,0.8069306930693071,0.7912621359223301,0.947692893438182,0.7990196078431373,0.7374337337027281
4,TA98_S9,0.8988902589395807,0.8800428945018497,0.78125,0.8413461538461539,0.9464775481566526,0.8101851851851852,0.7423519891180451
4,TA1537,0.9495192307692308,0.8582826550236499,0.8478260869565217,0.7358490566037735,0.9795207651125318,0.7878787878787878,0.7618461005113822
4,TA1537_S9,0.95,0.8592789951606764,0.8666666666666667,0.7358490566037735,0.9815670708498724,0.7959183673469387,0.7709816859489267
4,TA102,0.8352272727272727,0.6924012726932435,0.7083333333333334,0.4358974358974359,0.8968744151225904,0.5396825396825398,0.4656966441745681
4,TA102_S9,0.9281045751633988,0.7942518248175183,0.6666666666666666,0.625,0.8800182481751825,0.6451612903225806,0.605597763554188
5,TA100,0.865945945945946,0.7913142392151469,0.8763440860215054,0.6174242424242424,0.9269529638289092,0.7244444444444444,0.6564712494572734
5,TA100_S9,0.8609195402298849,0.8044444444444445,0.8634146341463415,0.6555555555555556,0.9153765432098764,0.7452631578947368,0.6637549962375112
5,TA1535,0.9457831325301204,0.7702141191435234,0.90625,0.5471698113207547,0.9813016747933008,0.6823529411764705,0.6796542333853323
5,TA1535_S9,0.9552238805970148,0.7964622641509433,0.9,0.6,0.929559748427673,0.7200000000000001,0.7136671627488346
5,TA97,0.9142857142857144,0.7113152804642167,0.625,0.4545454545454545,0.8965183752417795,0.5263157894736842,0.4878544906301433
5,TA97_S9,0.9009900990099008,0.736869118905047,0.8947368421052632,0.4857142857142857,0.965098374679213,0.6296296296296297,0.6142262214882154
5,TA98,0.9067894131185269,0.8351857546603406,0.8834355828220859,0.6990291262135923,0.9433364084991728,0.7804878048780489,0.7303142424103707
5,TA98_S9,0.9112207151664612,0.8773121571629034,0.84,0.8076923076923077,0.9431767444827148,0.8235294117647058,0.7645141269227105
5,TA1537,0.939903846153846,0.7883205987837205,0.9117647058823528,0.5849056603773585,0.9703207027392275,0.7126436781609194,0.7018200548730562
5,TA1537_S9,0.95,0.8512859550867271,0.8837209302325582,0.7169811320754716,0.9753140122886196,0.7916666666666666,0.7689978373540474
5,TA102,0.8125,0.6136065880591428,0.7142857142857143,0.2564102564102564,0.8680516563728242,0.3773584905660377,0.34874225750927085
5,TA102_S9,0.915032679738562,0.6765510948905109,0.6666666666666666,0.375,0.8800182481751825,0.4800000000000001,0.459217241022759
6,TA100,0.8821621621621621,0.8504360931554578,0.8039215686274509,0.7765151515151515,0.9185118965754367,0.7899807321772638,0.7083273762290012
6,TA100_S9,0.8643678160919541,0.8201851851851851,0.8333333333333334,0.7037037037037037,0.9166172839506174,0.7630522088353413,0.673680224157848
6,TA1535,0.9518072289156626,0.856688573245707,0.7959183673469388,0.7358490566037735,0.9814712741149036,0.7647058823529412,0.7386112565646952
6,TA1535_S9,0.9509594882729212,0.8139675052410902,0.8055555555555556,0.6444444444444445,0.9323375262054509,0.7160493827160493,0.6947182126278437
6,TA97,0.9047619047619048,0.7661992263056093,0.5416666666666666,0.5909090909090909,0.8919245647969052,0.5652173913043478,0.5124658815135698
6,TA97_S9,0.915841584158416,0.8023096663815227,0.8461538461538461,0.6285714285714286,0.9454234388366124,0.7213114754098359,0.6833312456947868
6,TA98,0.901035673187572,0.8615296753503492,0.7941176470588235,0.7864077669902912,0.9422820659256982,0.7902439024390243,0.7255016673404009
6,TA98_S9,0.9075215782983972,0.8685259599438704,0.8410256410256409,0.7884615384615384,0.9476336267381044,0.8138957816377171,0.7531487221568522
6,TA1537,0.9543269230769232,0.8449243723686262,0.925,0.6981132075471698,0.9810281199646552,0.7956989247311829,0.7802274175831418
6,TA1537_S9,0.9525,0.8767059974987765,0.8541666666666666,0.7735849056603774,0.9829264314066662,0.811881188118812,0.7860374752925469
6,TA102,0.8181818181818182,0.6631106120157215,0.6521739130434783,0.38461538461538464,0.8856447688564476,0.4838709677419355,0.4019714112764796
6,TA102_S9,0.9215686274509804,0.6526003649635037,0.8333333333333334,0.3125,0.8914233576642336,0.4545454545454545,0.4811400957593909
7,TA100,0.8864864864864865,0.8648369091825976,0.7933579335793358,0.8143939393939394,0.9279901893366342,0.8037383177570093,0.7240322933460114
7,TA100_S9,0.8620689655172413,0.8368518518518518,0.7819548872180451,0.7703703703703704,0.9092345679012346,0.7761194029850746,0.6764989931292681
7,TA1535,0.9497991967871486,0.8389442442230229,0.8043478260869565,0.6981132075471698,0.9709561161755352,0.7474747474747474,0.7219848193158874
7,TA1535_S9,0.9594882729211088,0.8186844863731657,0.90625,0.6444444444444445,0.9329664570230608,0.7532467532467533,0.7444994746737457
7,TA97,0.9095238095238096,0.7487911025145068,0.5714285714285714,0.5454545454545454,0.8979690522243714,0.5581395348837208,0.5079425044164171
7,TA97_S9,0.9207920792079208,0.7940119760479042,0.9130434782608696,0.6,0.9714285714285714,0.7241379310344828,0.7006430862845517
7,TA98,0.8964326812428078,0.8735704139758965,0.7566371681415929,0.8300970873786407,0.9393167274378011,0.7916666666666666,0.7243244372780108
7,TA98_S9,0.8927250308261405,0.8617250287026407,0.7867298578199052,0.7980769230769231,0.9402028319938768,0.7923627684964201,0.7200821180836874
7,TA1537,0.9447115384615384,0.8555278340870107,0.8125,0.7358490566037735,0.9759862778730704,0.7722772277227722,0.742079308118038
7,TA1537_S9,0.9525,0.8767059974987765,0.8541666666666666,0.7735849056603774,0.9812408243162416,0.811881188118812,0.7860374752925469
7,TA102,0.8409090909090909,0.7419052966498222,0.6666666666666666,0.5641025641025641,0.8832116788321168,0.6111111111111109,0.5148052552908687
7,TA102_S9,0.9281045751633988,0.7942518248175183,0.6666666666666666,0.625,0.8800182481751825,0.6451612903225806,0.605597763554188
8,TA100,0.8724324324324324,0.8083654242882685,0.8613861386138614,0.6590909090909091,0.926179342593866,0.7467811158798283,0.6741453324713103
8,TA100_S9,0.8551724137931035,0.7900925925925926,0.8789473684210526,0.6185185185185185,0.91920987654321,0.726086956521739,0.6496701089245192
8,TA1535,0.9457831325301204,0.8366970532117871,0.7708333333333334,0.6981132075471698,0.9773160907356372,0.7326732673267327,0.7036559685952917
8,TA1535_S9,0.9488272921108742,0.7730607966457024,0.8620689655172413,0.5555555555555556,0.932180293501048,0.6756756756756757,0.6678104283323044
8,TA97,0.9142857142857144,0.7514506769825919,0.6,0.5454545454545454,0.8759671179883946,0.5714285714285713,0.5246640068321375
8,TA97_S9,0.905940594059406,0.7624465355004277,0.8636363636363636,0.5428571428571428,0.9729683490162532,0.6666666666666666,0.6376986602387994
8,TA98,0.901035673187572,0.8347610889015801,0.8488372093023255,0.7087378640776699,0.9477514680255972,0.7724867724867726,0.7146192806065658
8,TA98_S9,0.9025893958076447,0.8510372815410129,0.8563535911602209,0.7451923076923077,0.9433840413318024,0.7969151670951158,0.7363155965570571
8,TA1537,0.9447115384615384,0.8152450751078538,0.8947368421052632,0.6415094339622641,0.9837829409012944,0.7472527472527473,0.7296790130842835
8,TA1537_S9,0.9375,0.8041161437659725,0.8684210526315791,0.6226415094339622,0.9759121309336088,0.7252747252747254,0.7032764247411608
8,TA102,0.8409090909090909,0.6868800299457234,0.7619047619047619,0.41025641025641024,0.8921953958450309,0.5333333333333333,0.4788615658660254
8,TA102_S9,0.934640522875817,0.7151003649635037,0.875,0.4375,0.8494525547445255,0.5833333333333334,0.5913742676298994
9,TA100,0.8810810810810811,0.8212419199559895,0.8737864077669902,0.6818181818181818,0.9289815706230229,0.7659574468085106,0.6973757577981334
9,TA100_S9,0.8597701149425288,0.8056481481481481,0.8523809523809524,0.662962962962963,0.9136728395061728,0.7458333333333332,0.6608876809684534
9,TA1535,0.9437751004016064,0.8189527241891033,0.7777777777777778,0.660377358490566,0.9789696841212634,0.7142857142857142,0.6861497254335525
9,TA1535_S9,0.957356076759062,0.7976415094339622,0.9310344827586208,0.6,0.9370545073375264,0.7297297297297297,0.727926184740721
9,TA97,0.919047619047619,0.7139748549323017,0.6666666666666666,0.4545454545454545,0.8853965183752418,0.5405405405405405,0.5088854879199284
9,TA97_S9,0.9108910891089108,0.7428571428571429,1.0,0.4857142857142857,0.974508126603935,0.6538461538461539,0.6621597982780278
9,TA98,0.8975834292289988,0.8241334621974257,0.8545454545454545,0.6844660194174758,0.9473341240902634,0.7601078167115903,0.7029362439874538
9,TA98_S9,0.9099876695437732,0.8686096759790789,0.8534031413612565,0.7836538461538461,0.9512055109070036,0.8170426065162907,0.7587077531190058
9,TA1537,0.9423076923076924,0.7896980092520401,0.9393939393939394,0.5849056603773585,0.9817038307604344,0.7209302325581395,0.7148425524916904
9,TA1537_S9,0.965,0.8839106084497852,0.9534883720930232,0.7735849056603774,0.9803708335598934,0.8541666666666667,0.8404162573544233
9,TA102,0.8465909090909091,0.7363840539023021,0.7,0.5384615384615384,0.8865805727119596,0.608695652173913,0.5221601252669718
9,TA102_S9,0.9281045751633988,0.8218521897810219,0.6470588235294118,0.6875,0.8918795620437956,0.6666666666666667,0.6267766718300586
10,TA100,0.8832432432432432,0.8341298766790446,0.8482142857142857,0.7196969696969697,0.9309299500297988,0.7786885245901641,0.704474019224344
10,TA100_S9,0.8563218390804598,0.8133333333333332,0.8111587982832618,0.7,0.913574074074074,0.7514910536779323,0.6547061569895718
10,TA1535,0.9477911646586346,0.8211999152003392,0.813953488372093,0.660377358490566,0.9786728853084588,0.7291666666666667,0.7053155061531473
10,TA1535_S9,0.9466950959488272,0.752017819706499,0.8846153846153846,0.5111111111111111,0.930083857442348,0.6478873239436619,0.6487268807006547
10,TA97,0.9047619047619048,0.6859284332688588,0.5625,0.4090909090909091,0.8863636363636365,0.4736842105263158,0.4292449694445997
10,TA97_S9,0.8960396039603961,0.7451668092386655,0.8181818181818182,0.5142857142857142,0.9726261762189904,0.6315789473684209,0.5957119818267272
10,TA98,0.9125431530494822,0.8556868602556781,0.8651685393258427,0.7475728155339806,0.9493256600623821,0.8020833333333334,0.7496165512321752
10,TA98_S9,0.9112207151664612,0.8662895458604414,0.8655913978494624,0.7740384615384616,0.9473545732874091,0.8172588832487309,0.7609364049252461
10,TA1537,0.9471153846153846,0.8166224855761735,0.9189189189189191,0.6415094339622641,0.9820156972815636,0.7555555555555555,0.7417243384112568
10,TA1537_S9,0.9425,0.8309771083682236,0.8571428571428571,0.6792452830188679,0.9786308520471972,0.7578947368421052,0.7320899866183692
10,TA102,0.8522727272727273,0.7400336889387984,0.7241379310344828,0.5384615384615384,0.8927568781583379,0.6176470588235294,0.5374488228817622
10,TA102_S9,0.9019607843137256,0.6416514598540146,0.5555555555555556,0.3125,0.8731751824817519,0.4,0.3684417398903532
11,TA100,0.8767567567567568,0.8091161234126438,0.8865979381443299,0.6515151515151515,0.9222768532526476,0.7510917030567685,0.6857957568650558
11,TA100_S9,0.8632183908045977,0.8142592592592592,0.8447488584474886,0.6851851851851852,0.916216049382716,0.7566462167689161,0.6699818438715581
11,TA1535,0.9477911646586346,0.8295102819588722,0.8,0.6792452830188679,0.9793936824252704,0.7346938775510203,0.7088617602136063
11,TA1535_S9,0.9616204690831556,0.839727463312369,0.8857142857142857,0.6888888888888889,0.9376310272536688,0.775,0.7615018280684688
11,TA97,0.9047619047619048,0.7461315280464216,0.5454545454545454,0.5454545454545454,0.8945841392649903,0.5454545454545454,0.4922630560928433
11,TA97_S9,0.915841584158416,0.7797262617621898,0.9090909090909092,0.5714285714285714,0.9654405474764756,0.7017543859649122,0.6796853386508717
11,TA98,0.907940161104718,0.8493241956976966,0.8539325842696629,0.7378640776699029,0.9430215700918156,0.7916666666666666,0.7362071195225731
11,TA98_S9,0.9050554870530211,0.8511209975762215,0.8700564971751412,0.7403846153846154,0.9456563337160352,0.8,0.7424134971765151
11,TA1537,0.9519230769230768,0.8354904101044753,0.9230769230769232,0.6792452830188679,0.9806642756900048,0.7826086956521738,0.7675353290915112
11,TA1537_S9,0.955,0.8701538796150291,0.8888888888888888,0.7547169811320755,0.9821651894948616,0.8163265306122449,0.7943182485202147
11,TA102,0.8352272727272727,0.7290847838293093,0.65625,0.5384615384615384,0.8955642897248736,0.5915492957746479,0.4933584729369115
11,TA102_S9,0.9281045751633988,0.7666514598540146,0.6923076923076923,0.5625,0.8453467153284672,0.6206896551724138,0.5852730710178102
12,TA100,0.8854054054054054,0.8231301288222619,0.895,0.678030303030303,0.9232625040113694,0.7715517241379308,0.7089671971199698
12,TA100_S9,0.8666666666666667,0.8218518518518518,0.8407079646017699,0.7037037037037037,0.9268086419753088,0.7661290322580645,0.6791197519883296
12,TA1535,0.9518072289156626,0.8234471062115751,0.8536585365853658,0.660377358490566,0.9823192707229172,0.7446808510638298,0.7257736181270118
12,TA1535_S9,0.9509594882729212,0.7841719077568134,0.8666666666666667,0.5777777777777777,0.9355345911949684,0.6933333333333332,0.6840808550206279
12,TA97,0.923809523809524,0.7768375241779497,0.65,0.5909090909090909,0.9052224371373307,0.6190476190476191,0.5776348921373052
12,TA97_S9,0.9257425742574258,0.8647562018819503,0.7941176470588235,0.7714285714285715,0.9702309666381522,0.7826086956521741,0.7379566299476523
12,TA98,0.8987341772151899,0.8416179765408778,0.8206521739130435,0.7330097087378641,0.941894009284072,0.7743589743589744,0.7112247949809873
12,TA98_S9,0.9087546239210852,0.8693551473402219,0.8453608247422679,0.7884615384615384,0.9484229493557852,0.8159203980099502,0.7561727590840264
12,TA1537,0.9519230769230768,0.851603513696138,0.8837209302325582,0.7169811320754716,0.9788450543167524,0.7916666666666666,0.7701685954483813
12,TA1537_S9,0.9575,0.8955739220270784,0.86,0.8113207547169812,0.9842314175411886,0.8349514563106797,0.8110381752856902
12,TA102,0.875,0.7913157402208497,0.7575757575757576,0.6410256410256411,0.8961257720381808,0.6944444444444444,0.6199569670098547
12,TA102_S9,0.934640522875817,0.8255018248175183,0.6875,0.6875,0.8818430656934306,0.6875,0.6510036496350365
13,TA100,0.8821621621621621,0.8413360152202816,0.8242677824267782,0.7462121212121212,0.9318926786778526,0.783300198807157,0.7042936856055474
13,TA100_S9,0.8770114942528736,0.8436111111111111,0.8326530612244898,0.7555555555555555,0.9218086419753088,0.7922330097087378,0.7068571428571429
13,TA1535,0.9558232931726908,0.8838668645325418,0.7924528301886793,0.7924528301886793,0.9810472758108968,0.7924528301886793,0.7677337290650837
13,TA1535_S9,0.9424307036247336,0.8291142557651991,0.7045454545454546,0.6888888888888889,0.933280922431866,0.6966292134831461,0.6648827598115828
13,TA97,0.9095238095238096,0.688588007736944,0.6,0.4090909090909091,0.8720986460348162,0.4864864864864865,0.4485092435904454
13,TA97_S9,0.9207920792079208,0.8053036783575706,0.88,0.6285714285714286,0.9733105218135158,0.7333333333333334,0.701774611896154
13,TA98,0.903337169159954,0.8580188610171477,0.8112244897959183,0.7718446601941747,0.945964943109432,0.7910447761194029,0.7286025868653384
13,TA98_S9,0.8976572133168927,0.8729150720755199,0.7880184331797235,0.8221153846153846,0.9433680954203344,0.8047058823529412,0.7357108592311115
13,TA1537,0.9519230769230768,0.8677166172878008,0.851063829787234,0.7547169811320755,0.977233743957586,0.8,0.7745908940988828
13,TA1537_S9,0.955,0.8781469196889784,0.8723404255319149,0.7735849056603774,0.9818933173835028,0.8200000000000001,0.7962637653957472
13,TA102,0.8465909090909091,0.7272131761182856,0.7142857142857143,0.5128205128205128,0.8905109489051095,0.5970149253731343,0.5159958656859743
13,TA102_S9,0.9281045751633988,0.7390510948905109,0.7272727272727273,0.5,0.8827554744525548,0.5925925925925926,0.5663703283555348
14,TA100,0.892972972972973,0.8580003896758813,0.8367346938775511,0.7765151515151515,0.9317150323201759,0.8055009823182709,0.7327885751668034
14,TA100_S9,0.8551724137931035,0.8145370370370371,0.8025210084033614,0.7074074074074074,0.9127283950617284,0.7519685039370078,0.6528482986322913
14,TA1535,0.9518072289156626,0.8982404070383718,0.7457627118644068,0.8301886792452831,0.9814712741149036,0.7857142857142858,0.7600374517165077
14,TA1535_S9,0.9466950959488272,0.8016771488469602,0.7777777777777778,0.6222222222222222,0.9307651991614256,0.6913580246913581,0.6675232504608745
14,TA97,0.9047619047619048,0.726063829787234,0.55,0.5,0.8643617021276595,0.5238095238095238,0.4716931215269698
14,TA97_S9,0.9108910891089108,0.7993156544054747,0.8148148148148148,0.6285714285714286,0.9693755346449956,0.7096774193548386,0.6658107123367202
14,TA98,0.9056386651323358,0.8645462666022345,0.81,0.7864077669902912,0.9448886350656768,0.7980295566502462,0.7366224797438209
14,TA98_S9,0.9087546239210852,0.8788030998851895,0.8252427184466019,0.8173076923076923,0.9437428243398394,0.8212560386473431,0.7600156689273004
14,TA1537,0.9423076923076924,0.829980768231197,0.8372093023255814,0.6792452830188679,0.9811320754716982,0.7499999999999999,0.7228051338907605
14,TA1537_S9,0.9475,0.8578380729704747,0.8478260869565217,0.7358490566037735,0.9826545592953074,0.7878787878787878,0.7605690829557135
14,TA102,0.8465909090909091,0.7455549316863186,0.6875,0.5641025641025641,0.8779711772412503,0.619718309859155,0.5288286899454476
14,TA102_S9,0.934640522875817,0.7979014598540146,0.7142857142857143,0.625,0.8635948905109491,0.6666666666666666,0.6323412072885101
15,TA100,0.8951351351351351,0.8504131710447898,0.8678414096916299,0.7462121212121212,0.935909778572411,0.8024439918533605,0.7354827151069258
15,TA100_S9,0.8563218390804598,0.845925925925926,0.7441077441077442,0.8185185185185185,0.920425925925926,0.7795414462081128,0.6750175733505516
15,TA1535,0.9497991967871486,0.8223235107059572,0.8333333333333334,0.660377358490566,0.9840576637693448,0.7368421052631579,0.7153735095921047
15,TA1535_S9,0.953091684434968,0.8052148846960168,0.8484848484848485,0.6222222222222222,0.9367924528301887,0.7179487179487178,0.7029503891883587
15,TA97,0.9142857142857144,0.7715183752417796,0.5909090909090909,0.5909090909090909,0.8805609284332688,0.5909090909090909,0.5430367504835589
15,TA97_S9,0.9455445544554456,0.8993156544054748,0.8529411764705882,0.8285714285714286,0.9751924721984602,0.8405797101449276,0.8078755977006663
15,TA98,0.903337169159954,0.8379424211805708,0.8546511627906976,0.7135922330097088,0.9472462622091404,0.7777777777777777,0.7214105160874947
15,TA98_S9,0.8976572133168927,0.8760643895905091,0.7828054298642534,0.8317307692307693,0.9445082280903176,0.8065268065268065,0.7376670545480568
15,TA1537,0.9519230769230768,0.8435469619003066,0.902439024390244,0.6981132075471698,0.9809241644576122,0.7872340425531914,0.7685989609956528
15,TA1537_S9,0.9525,0.8926920776466751,0.8269230769230769,0.8113207547169812,0.9803164591376216,0.8190476190476189,0.7917599207160146
15,TA102,0.8522727272727273,0.7308628111547819,0.7407407407407407,0.5128205128205128,0.8785326595545574,0.6060606060606061,0.5321101536053383
15,TA102_S9,0.934640522875817,0.7703010948905109,0.75,0.5625,0.9014598540145984,0.6428571428571429,0.6153155578651437
16,TA100,0.8918918918918919,0.8572439600238392,0.8333333333333334,0.7765151515151515,0.9317666070691788,0.8039215686274509,0.7302896455099005
16,TA100_S9,0.8735632183908046,0.830925925925926,0.8508771929824561,0.7185185185185186,0.915493827160494,0.7791164658634538,0.6962790980740743
16,TA1535,0.9477911646586346,0.854441382234471,0.7647058823529411,0.7358490566037735,0.980241679033284,0.7499999999999999,0.7210302872553598
16,TA1535_S9,0.953091684434968,0.8350104821802935,0.7948717948717948,0.6888888888888889,0.9308176100628932,0.7380952380952379,0.7146790401950244
16,TA97,0.9047619047619048,0.726063829787234,0.55,0.5,0.8718568665377175,0.5238095238095238,0.4716931215269698
16,TA97_S9,0.9009900990099008,0.7707442258340462,0.8,0.5714285714285714,0.9637296834901624,0.6666666666666666,0.6223358494399909
16,TA98,0.9148446490218642,0.8605412291877169,0.8666666666666667,0.7572815533980582,0.9480077318455388,0.8082901554404144,0.7567099448132762
16,TA98_S9,0.9050554870530211,0.8605689501211891,0.8465608465608465,0.7692307692307693,0.948885380788366,0.8060453400503779,0.744873545049302
16,TA1537,0.9471153846153846,0.8246790373720048,0.8974358974358975,0.660377358490566,0.9805603201829616,0.7608695652173912,0.7428010586676156
16,TA1537_S9,0.95,0.8432929150127779,0.902439024390244,0.6981132075471698,0.9791745962699144,0.7872340425531914,0.7674646057221524
16,TA102,0.8579545454545454,0.7620250795433277,0.71875,0.5897435897435898,0.8959386112670784,0.6478873239436619,0.5642989069539838
16,TA102_S9,0.915032679738562,0.7593521897810219,0.6,0.5625,0.8864051094890509,0.5806451612903225,0.5337710520628773
17,TA100,0.8843243243243243,0.8508114427176454,0.8127490039840638,0.7727272727272727,0.9282251409709804,0.7922330097087379,0.7125898474838684
17,TA100_S9,0.8689655172413793,0.8326851851851852,0.8223140495867769,0.737037037037037,0.9173703703703704,0.7773437500000001,0.6869631792402925
17,TA1535,0.9518072289156626,0.8400678397286411,0.8222222222222222,0.6981132075471698,0.980496078015688,0.7551020408163266,0.73157379499366
17,TA1535_S9,0.9552238805970148,0.8461215932914046,0.8,0.7111111111111111,0.945754716981132,0.7529411764705882,0.7299434793229969
17,TA97,0.923809523809524,0.7768375241779497,0.65,0.5909090909090909,0.8994197292069632,0.6190476190476191,0.5776348921373052
17,TA97_S9,0.9108910891089108,0.8218990590248075,0.7741935483870968,0.6857142857142857,0.9615055603079556,0.7272727272727272,0.6760254695136738
17,TA98,0.8998849252013809,0.8457181976599453,0.8181818181818182,0.7427184466019418,0.940649299301498,0.7786259541984734,0.7155329203963201
17,TA98_S9,0.8951911220715166,0.8728313560403113,0.7782805429864253,0.8269230769230769,0.9405616150019136,0.8018648018648017,0.731325315201701
17,TA1537,0.9591346153846154,0.8718488486927596,0.9090909090909092,0.7547169811320755,0.9804043869223972,0.8247422680412373,0.8062874054229641
17,TA1537_S9,0.95,0.8832581153825241,0.8235294117647058,0.7924528301886793,0.9773802403349464,0.8076923076923077,0.7791592412791386
17,TA102,0.8352272727272727,0.7199139060452928,0.6666666666666666,0.5128205128205128,0.887329215796369,0.5797101449275363,0.4857784221604845
17,TA102_S9,0.9411764705882352,0.8291514598540146,0.7333333333333333,0.6875,0.8900547445255474,0.7096774193548386,0.6774244750454987
18,TA100,0.8789189189189189,0.8493043139412277,0.7923076923076923,0.7803030303030303,0.9228441754916792,0.7862595419847329,0.7018416566156221
18,TA100_S9,0.8551724137931035,0.8287962962962963,0.7706766917293233,0.7592592592592593,0.913493827160494,0.7649253731343284,0.6603210347998986
18,TA1535,0.9457831325301204,0.8366970532117871,0.7708333333333334,0.6981132075471698,0.975238499046004,0.7326732673267327,0.7036559685952917
18,TA1535_S9,0.9658848614072496,0.8520178197064989,0.9142857142857144,0.7111111111111111,0.9287735849056604,0.8,0.7890507602934079
18,TA97,0.9333333333333332,0.8022243713733075,0.7,0.6363636363636364,0.8928916827852997,0.6666666666666666,0.6306057774424729
18,TA97_S9,0.9009900990099008,0.7707442258340462,0.8,0.5714285714285714,0.9594525235243798,0.6666666666666666,0.6223358494399909
18,TA98,0.8929804372842347,0.8378472374760211,0.7989417989417991,0.7330097087378641,0.9448300604782616,0.7645569620253165,0.6965549514214544
18,TA98_S9,0.9087546239210852,0.8803777586426841,0.8221153846153846,0.8221153846153846,0.9480801122592168,0.8221153846153845,0.7607555172853678
18,TA1537,0.9278846153846154,0.7492073392587972,0.8709677419354839,0.5094339622641509,0.9763501221477208,0.6428571428571428,0.632806395354278
18,TA1537_S9,0.945,0.8164319504105269,0.9189189189189191,0.6415094339622641,0.982980805828938,0.7555555555555555,0.7405575627922645
18,TA102,0.8409090909090909,0.7052217855137564,0.72,0.4615384615384616,0.8826501965188097,0.5625,0.4883009470646097
18,TA102_S9,0.9215686274509804,0.8182025547445255,0.6111111111111112,0.6875,0.8736313868613139,0.6470588235294118,0.6044366583571323
19,TA100,0.8864864864864865,0.8386741851189657,0.8533333333333334,0.7272727272727273,0.931176362719479,0.7852760736196321,0.7129753323372549
19,TA100_S9,0.8425287356321839,0.7799074074074074,0.8341708542713567,0.6148148148148148,0.9152592592592592,0.7078891257995735,0.6166150156361129
19,TA1535,0.9578313253012049,0.8600593597625609,0.8478260869565217,0.7358490566037735,0.982743269026924,0.7878787878787878,0.7669621072842777
19,TA1535_S9,0.9594882729211088,0.8484800838574423,0.8421052631578947,0.7111111111111111,0.939727463312369,0.7710843373493975,0.7522578181885511
19,TA97,0.9095238095238096,0.7889264990328821,0.56,0.6363636363636364,0.8699226305609284,0.5957446808510639,0.5464516823678308
19,TA97_S9,0.8960396039603961,0.7338751069289992,0.85,0.4857142857142857,0.958426005132592,0.6181818181818183,0.5927281599667072
19,TA98,0.903337169159954,0.8596918976701957,0.8080808080808081,0.7766990291262136,0.9460820922842624,0.792079207920792,0.7293855748317728
19,TA98_S9,0.9062885326757091,0.8692714313050134,0.8333333333333334,0.7932692307692307,0.9439580941446614,0.8128078817733991,0.7507635800022094
19,TA1537,0.9543269230769232,0.8610374759602891,0.8863636363636364,0.7358490566037735,0.9770258329435,0.8041237113402062,0.7828448865065569
19,TA1537_S9,0.9425,0.8229840682942744,0.875,0.660377358490566,0.9803708335598934,0.7526881720430108,0.7300162413847741
19,TA102,0.8295454545454546,0.7070933932247799,0.6551724137931034,0.4871794871794872,0.8867677334830619,0.5588235294117647,0.4636936627825886
19,TA102_S9,0.9281045751633988,0.7942518248175183,0.6666666666666666,0.625,0.8585766423357664,0.6451612903225806,0.605597763554188
